{"$FR_B/FR_A$": 0.7335904501326401, "$FR_C/FR_A$": 1.2842674403256058, "$FR_D/FR_A$": 0.2279128606782544}