{"$FR_B/FR_A$": 0.9011904139675954, "$FR_C/FR_A$": 1.1734744141018096, "$FR_D/FR_A$": 0.2298588210027932}