{"$FR_B/FR_A$": 1.0270309143224234, "$FR_C/FR_A$": 0.9933416404257397, "$FR_D/FR_A$": 0.29420050680836674}