{"$FR_B/FR_A$": 1.4294126913628529, "$FR_C/FR_A$": 1.43262575374411, "$FR_D/FR_A$": 0.17970432926458632}