{"$FR_B/FR_A$": 1.4294126913628666, "$FR_C/FR_A$": 1.4326257537441167, "$FR_D/FR_A$": 0.17970432926458188}