{"$FR_B/FR_A$": 0.8460474915723357, "$FR_C/FR_A$": 1.0891208428807626, "$FR_D/FR_A$": 0.24667316771691672}