{"$FR_B/FR_A$": 0.8457441518844044, "$FR_C/FR_A$": 1.0890870897189462, "$FR_D/FR_A$": 0.24642612710678735}