{"$FR_B/FR_A$": 0.9871541002360202, "$FR_C/FR_A$": 1.051808180509315, "$FR_D/FR_A$": 0.2292233429031664}