{"$FR_B/FR_A$": 0.7189275475310767, "$FR_C/FR_A$": 1.2735311941416592, "$FR_D/FR_A$": 0.23345238028482151}