{"$FR_B/FR_A$": 0.9793864847814612, "$FR_C/FR_A$": 0.997373327309494, "$FR_D/FR_A$": 0.2599084621715703}