{"$FR_B/FR_A$": 0.8438934820157145, "$FR_C/FR_A$": 1.0886568943186266, "$FR_D/FR_A$": 0.24682720125256138}