{"$FR_B/FR_A$": 1.3816605679360385, "$FR_C/FR_A$": 1.1877049342383075, "$FR_D/FR_A$": 0.43518532587970127}