{"$FR_B/FR_A$": 1.1881685206122778, "$FR_C/FR_A$": 1.3709743612474832, "$FR_D/FR_A$": 0.163350169216685}