{"$FR_B/FR_A$": 0.9115936779736203, "$FR_C/FR_A$": 1.0623810764860602, "$FR_D/FR_A$": 0.3681185620082944}