{"$FR_B/FR_A$": 0.8833094093122751, "$FR_C/FR_A$": 1.052185836099948, "$FR_D/FR_A$": 0.3894723988542842}