{"$FR_B/FR_A$": 0.957732483314304, "$FR_C/FR_A$": 0.9956393910834029, "$FR_D/FR_A$": 0.4634245519206781}