{"$FR_B/FR_A$": 0.8959311294340935, "$FR_C/FR_A$": 1.1732488530972947, "$FR_D/FR_A$": 0.23011063516678007}